,year,make,model,trim,mileage,AWD/FWD,price
0,2015,Ford,Edge,SEL,41000,AWD,14950
1,2015,Ford,Edge,Titanium,41072,AWD,16995
2,2015,Ford,Edge,Sport,41233,FWD,19485
3,2015,Ford,Edge,Sport,38981,FWD,22995
4,2015,Ford,Edge,Sport,41459,FWD,19485
5,2015,Ford,Edge,SEL,41194,AWD,15495
6,2015,Ford,Edge,SEL,121040,AWD,14900
7,2015,Ford,Edge,SEL,107752,AWD,14926
8,2015,Ford,Edge,SE,50435,FWD,12985
9,2015,Ford,Edge,SEL,101290,AWD,15990
10,2015,Ford,Edge,SEL,99369,FWD,15200
11,2015,Ford,Edge,SEL,91581,FWD,15923
12,2015,Ford,Edge,SEL,89125,FWD,14800
13,2015,Ford,Edge,SEL,101029,AWD,14900
14,2015,Ford,Edge,SEL,63153,FWD,14900
15,2015,Ford,Edge,Titanium,45275,AWD,22288
16,2015,Ford,Edge,Titanium,50038,FWD,19100
17,2015,Ford,Edge,SEL,87976,FWD,15990
18,2015,Ford,Edge,Titanium,86380,AWD,18999
19,2015,Ford,Edge,SE,48609,FWD,17999
20,2015,Ford,Edge,Sport,35815,AWD,25900
21,2015,Ford,Edge,SEL,36008,AWD,15399
22,2015,Ford,Edge,SEL,39769,AWD,18900
23,2015,Ford,Edge,SEL,Miles,FWD,17950
24,2015,Ford,Edge,Sport,43700,AWD,23950
25,2015,Ford,Edge,SEL,45417,AWD,19900
26,2015,Ford,Edge,Sport,95583,AWD,20500
27,2015,Ford,Edge,SEL,39512,AWD,19189
28,2015,Ford,Edge,Titanium,42154,AWD,19987
29,2015,Ford,Edge,SEL,36352,AWD,24995
30,2015,Ford,Edge,SEL,42395,AWD,22651
31,2015,Ford,Edge,SEL,42963,AWD,20845
32,2015,Ford,Edge,SE,48615,AWD,15750
33,2015,Ford,Edge,Sport,37919,AWD,21495
34,2015,Ford,Edge,SEL,99966,AWD,14950
35,2015,Ford,Edge,SE,67633,FWD,12190
36,2015,Ford,Edge,Titanium,90094,AWD,16500
37,2015,Ford,Edge,SEL,87205,AWD,14750
38,2015,Ford,Edge,Sport,39085,AWD,20995
39,2015,Ford,Edge,SEL,98620,FWD,14900
40,2015,Ford,Edge,Titanium,97509,AWD,16497
41,2015,Ford,Edge,Titanium,44166,AWD,19430
42,2015,Ford,Edge,SEL,95606,AWD,14842
43,2015,Ford,Edge,SEL,43672,AWD,20900
44,2015,Ford,Edge,SEL,44056,FWD,19500
45,2015,Ford,Edge,Titanium,45352,FWD,21818
46,2015,Ford,Edge,Titanium,44879,AWD,25990
47,2015,Ford,Edge,Titanium,41438,AWD,23507
48,2015,Ford,Edge,SEL,76263,AWD,14985
49,2015,Ford,Edge,SE,89123,AWD,12500
50,2015,Ford,Edge,SEL,95886,FWD,14995
51,2015,Ford,Edge,SEL,44302,FWD,17495
52,2015,Ford,Edge,SEL,99079,AWD,14990
53,2015,Ford,Edge,Sport,103000,AWD,18500
54,2015,Ford,Edge,SEL,72436,FWD,14990
55,2015,Ford,Edge,SEL,93922,AWD,14994
56,2015,Ford,Edge,SEL,44130,FWD,17475
57,2015,Ford,Edge,SEL,31763,AWD,14995
58,2015,Ford,Edge,SEL,89252,AWD,15000
59,2015,Ford,Edge,SEL,18392,FWD,14997
60,2015,Ford,Edge,Titanium,44000,FWD,19949
61,2015,Ford,Edge,SEL,44338,AWD,19995
62,2015,Ford,Edge,Titanium,46021,AWD,22995
63,2015,Ford,Edge,SEL,63000,AWD,17200
64,2015,Ford,Edge,SE,53022,AWD,18985
65,2015,Ford,Edge,Sport,71737,FWD,21500
66,2015,Ford,Edge,SEL,41009,AWD,19900
67,2015,Ford,Edge,Sport,36155,AWD,25921
68,2015,Ford,Edge,Titanium,21976,FWD,17950
69,2015,Ford,Edge,SEL,40432,FWD,
70,2015,Ford,Edge,SE,48500,AWD,18500
71,2015,Ford,Edge,SE,48500,AWD,18500
72,2015,Ford,Edge,SEL,40972,AWD,21281
73,2015,Ford,Edge,SE,96796,FWD,13497
74,2015,Ford,Edge,Sport,35445,AWD,26900
75,2015,Ford,Edge,SEL,99966,AWD,15450
76,2015,Ford,Edge,Titanium,67128,FWD,16995
77,2015,Ford,Edge,Titanium,98008,AWD,17000
78,2015,Ford,Edge,SEL,92847,FWD,15450
79,2015,Ford,Edge,Titanium,86000,AWD,16999
80,2015,Ford,Edge,SEL,46646,FWD,16995
81,2015,Ford,Edge,Sport,35572,AWD,22995
82,2015,Ford,Edge,SEL,57217,FWD,17500
83,2015,Ford,Edge,SEL,45305,AWD,19990
84,2015,Ford,Edge,SEL,47867,AWD,18996
85,2015,Ford,Edge,SEL,78703,FWD,17477
86,2015,Ford,Edge,SEL,83697,AWD,16500
87,2015,Ford,Edge,Titanium,42940,FWD,22995
88,2015,Ford,Edge,SEL,47307,FWD,17999
89,2015,Ford,Edge,SEL,41934,FWD,18508
90,2015,Ford,Edge,SEL,79089,FWD,15599
91,2015,Ford,Edge,SEL,82236,AWD,15488
92,2015,Ford,Edge,SEL,43241,AWD,
93,2015,Ford,Edge,SEL,31685,AWD,21991
94,2015,Ford,Edge,SEL,36504,AWD,22986
95,2015,Ford,Edge,SE,68148,FWD,18000
96,2015,Ford,Edge,SE,68148,FWD,18000
97,2015,Ford,Edge,Titanium,64434,AWD,22950
98,2015,Ford,Edge,Sport,49236,FWD,24500
99,2015,Ford,Edge,SEL,56796,FWD,17877
100,2015,Ford,Edge,SEL,46377,AWD,20895
101,2015,Ford,Edge,SEL,67422,AWD,17805
102,2015,Ford,Edge,SEL,46035,FWD,20846
103,2015,Ford,Edge,SEL,83697,AWD,16900
104,2015,Ford,Edge,SEL,101980,AWD,16888
105,2015,Ford,Edge,SEL,90834,FWD,15853
106,2015,Ford,Edge,SEL,47621,AWD,17200
107,2015,Ford,Edge,SE,101934,FWD,12990
108,2015,Ford,Edge,SEL,46882,FWD,17495
109,2015,Ford,Edge,SEL,97707,AWD,15900
110,2015,Ford,Edge,SEL,44857,AWD,17900
111,2015,Ford,Edge,SEL,109172,FWD,15777
112,2015,Ford,Edge,SEL,46122,AWD,17588
113,2015,Ford,Edge,SEL,35682,AWD,15799
114,2015,Ford,Edge,SEL,84132,AWD,17995
115,2015,Ford,Edge,Titanium,69071,AWD,19999
116,2015,Ford,Edge,SEL,82856,AWD,17995
117,2015,Ford,Edge,SEL,85091,AWD,16965
118,2015,Ford,Edge,SEL,83996,AWD,16968
119,2015,Ford,Edge,SEL,43109,AWD,19998
120,2015,Ford,Edge,Titanium,59256,FWD,18988
121,2015,Ford,Edge,Titanium,85708,AWD,18900
122,2015,Ford,Edge,SEL,57997,AWD,16995
123,2015,Ford,Edge,SEL,22679,FWD,16995
124,2015,Ford,Edge,SEL,104010,AWD,16995
125,2015,Ford,Edge,SEL,104010,AWD,16995
126,2015,Ford,Edge,SEL,86534,FWD,15995
127,2015,Ford,Edge,SEL,76590,FWD,15995
128,2015,Ford,Edge,Titanium,41369,AWD,22990
129,2015,Ford,Edge,Titanium,41285,AWD,22806
130,2015,Ford,Edge,SEL,39809,AWD,21996
131,2015,Ford,Edge,Sport,34952,AWD,25790
132,2015,Ford,Edge,Titanium,115356,AWD,17702
133,2015,Ford,Edge,Titanium,115356,AWD,17702
134,2015,Ford,Edge,SEL,95362,AWD,15990
135,2015,Ford,Edge,SEL,39542,AWD,20990
136,2015,Ford,Edge,SEL,69467,FWD,16083
137,2015,Ford,Edge,SEL,39540,AWD,19995
138,2015,Ford,Edge,SEL,39940,AWD,19801
139,2015,Ford,Edge,Titanium,47611,FWD,19990
140,2015,Ford,Edge,Sport,85122,AWD,19950
141,2015,Ford,Edge,SEL,57384,FWD,15999
142,2015,Ford,Edge,Titanium,97371,AWD,17900
143,2015,Ford,Edge,SEL,40100,AWD,20200
144,2015,Ford,Edge,Sport,35010,AWD,24995
145,2015,Ford,Edge,SEL,39500,AWD,20950
146,2015,Ford,Edge,SEL,40006,AWD,20930
147,2015,Ford,Edge,Sport,82281,AWD,19886
148,2015,Ford,Edge,Sport,137686,AWD,19988
149,2015,Ford,Edge,SE,47322,AWD,17995
150,2015,Ford,Edge,Sport,35241,FWD,26408
151,2015,Ford,Edge,SEL,40001,FWD,19500
152,2015,Ford,Edge,SEL,40027,AWD,21495
153,2015,Ford,Edge,SEL,90831,AWD,15995
154,2015,Ford,Edge,Titanium,43054,AWD,21883
155,2015,Ford,Edge,SE,57273,FWD,16766
156,2015,Ford,Edge,Sport,52277,AWD,22500
157,2015,Ford,Edge,SEL,52598,AWD,17359
158,2015,Ford,Edge,Titanium,76870,FWD,19218
159,2015,Ford,Edge,SEL,35901,AWD,17399
160,2015,Ford,Edge,SEL,40988,AWD,6975
161,2015,Ford,Edge,Sport,35977,AWD,27199
162,2015,Ford,Edge,Titanium,42679,FWD,23988
163,2015,Ford,Edge,Sport,87763,AWD,20250
164,2015,Ford,Edge,Titanium,94791,AWD,17963
165,2015,Ford,Edge,SEL,40350,AWD,22786
166,2015,Ford,Edge,SEL,43753,AWD,18795
167,2015,Ford,Edge,SEL,41000,FWD,19900
168,2015,Ford,Edge,Titanium,72602,FWD,17990
169,2015,Ford,Edge,Sport,36159,AWD,23987
170,2015,Ford,Edge,SE,57124,FWD,14500
171,2015,Ford,Edge,SEL,30938,AWD,16399
172,2015,Ford,Edge,Titanium,46254,AWD,20495
173,2015,Ford,Edge,SEL,41028,AWD,
174,2015,Ford,Edge,SEL,41005,AWD,19780
175,2015,Ford,Edge,SEL,38243,FWD,16390
176,2015,Ford,Edge,SEL,32466,AWD,16299
177,2015,Ford,Edge,Titanium,78128,AWD,17989
178,2015,Ford,Edge,SEL,43536,FWD,18900
179,2015,Ford,Edge,SE,71223,FWD,15999
180,2015,Ford,Edge,SEL,98835,AWD,18595
181,2015,Ford,Edge,SEL,52010,AWD,18600
182,2015,Ford,Edge,Sport,42546,AWD,25785
183,2015,Ford,Edge,Titanium,47272,FWD,24997
184,2015,Ford,Edge,Sport,39647,AWD,26900
185,2015,Ford,Edge,SEL,56498,FWD,17654
186,2015,Ford,Edge,Titanium,51257,FWD,19200
187,2015,Ford,Edge,SEL,42030,AWD,19991
188,2015,Ford,Edge,SEL,76501,AWD,16589
189,2015,Ford,Edge,Sport,36595,AWD,25296
190,2015,Ford,Edge,Sport,99573,FWD,20495
191,2015,Ford,Edge,SEL,43642,AWD,18995
192,2015,Ford,Edge,SEL,86056,AWD,16500
193,2015,Ford,Edge,Sport,38684,FWD,23495
194,2015,Ford,Edge,Sport,37391,AWD,23990
195,2015,Ford,Edge,SEL,94449,AWD,16599
196,2015,Ford,Edge,Titanium,43603,AWD,22996
197,2015,Ford,Edge,Titanium,43330,AWD,22495
198,2015,Ford,Edge,Titanium,43246,AWD,24991
199,2015,Ford,Edge,SEL,81233,AWD,16500
200,2015,Ford,Edge,Titanium,57254,AWD,
201,2015,Ford,Edge,SE,47886,FWD,
202,2015,Ford,Edge,SEL,31685,AWD,21991
203,2015,Ford,Edge,Titanium,39196,FWD,
204,2015,Ford,Edge,SEL,38239,FWD,18900
205,2015,Ford,Edge,Titanium,Miles,AWD,20881
206,2015,Ford,Edge,Titanium,96681,AWD,19591
207,2015,Ford,Edge,Titanium,48070,AWD,24550
208,2015,Ford,Edge,Sport,58146,AWD,21999
209,2015,Ford,Edge,SEL,46013,AWD,21995
210,2015,Ford,Edge,Sport,40703,AWD,24500
211,2015,Ford,Edge,SEL,76481,AWD,17750
212,2015,Ford,Edge,SEL,50018,FWD,18500
213,2015,Ford,Edge,SEL,85098,AWD,16879
214,2015,Ford,Edge,Titanium,49196,FWD,20198
215,2015,Ford,Edge,SEL,42531,AWD,21995
216,2015,Ford,Edge,Sport,37169,AWD,25000
217,2015,Ford,Edge,SEL,33723,FWD,16744
218,2015,Ford,Edge,Sport,37393,AWD,25447
219,2015,Ford,Edge,SEL,42472,FWD,20491
220,2015,Ford,Edge,SEL,77318,AWD,16700
221,2015,Ford,Edge,Titanium,92274,AWD,18460
222,2015,Ford,Edge,Sport,77676,AWD,20900
223,2015,Ford,Edge,SEL,42146,AWD,20498
224,2015,Ford,Edge,SEL,84568,AWD,
225,2015,Ford,Edge,Titanium,71687,FWD,18588
226,2015,Ford,Edge,SEL,85252,FWD,16757
227,2015,Ford,Edge,Titanium,46723,FWD,20998
228,2015,Ford,Edge,SEL,42143,AWD,22890
229,2015,Ford,Edge,Titanium,Miles,AWD,
230,2015,Ford,Edge,SEL,63517,AWD,16894
231,2015,Ford,Edge,Titanium,44078,AWD,21995
232,2015,Ford,Edge,SEL,74095,AWD,16888
233,2015,Ford,Edge,SEL,42471,AWD,21300
234,2015,Ford,Edge,SEL,69088,AWD,18995
235,2015,Ford,Edge,Titanium,34093,FWD,20995
236,2015,Ford,Edge,SEL,58731,AWD,18950
237,2015,Ford,Edge,SEL,70457,AWD,18980
238,2015,Ford,Edge,SEL,69412,AWD,18995
239,2015,Ford,Edge,Titanium,62888,AWD,19996
240,2015,Ford,Edge,SE,76823,AWD,14894
241,2015,Ford,Edge,SEL,38801,FWD,17998
242,2015,Ford,Edge,Titanium,95893,AWD,19900
243,2015,Ford,Edge,Titanium,50700,AWD,20995
244,2015,Ford,Edge,SEL,47158,AWD,20568
245,2015,Ford,Edge,Titanium,82600,AWD,20015
246,2015,Ford,Edge,Titanium,61319,FWD,19988
247,2015,Ford,Edge,Titanium,79438,FWD,18900
248,2015,Ford,Edge,SE,73079,FWD,13999
249,2015,Ford,Edge,SE,100672,AWD,13983
250,2015,Ford,Edge,SEL,43100,AWD,21790
251,2015,Ford,Edge,SEL,102822,AWD,17000
252,2015,Ford,Edge,Titanium,47851,FWD,20995
253,2015,Ford,Edge,SEL,104010,AWD,16995
254,2015,Ford,Edge,SEL,94566,AWD,16998
255,2015,Ford,Edge,SEL,43412,FWD,14711
256,2015,Ford,Edge,Sport,38793,AWD,23994
257,2015,Ford,Edge,SEL,43591,FWD,25995
258,2015,Ford,Edge,SEL,58329,FWD,16995
259,2015,Ford,Edge,SEL,43580,AWD,21299
260,2015,Ford,Edge,Sport,71531,FWD,21000
261,2015,Ford,Edge,Sport,71531,FWD,21000
262,2015,Ford,Edge,SE,77362,AWD,14090
263,2015,Ford,Edge,SE,73361,FWD,
264,2015,Ford,Edge,SEL,49555,FWD,17991
265,2015,Ford,Edge,SEL,77318,AWD,16988
266,2015,Ford,Edge,SEL,43668,AWD,21199
267,2015,Ford,Edge,SEL,54812,AWD,16999
268,2015,Ford,Edge,SEL,77684,AWD,16999
269,2015,Ford,Edge,SEL,74270,AWD,16950
270,2015,Ford,Edge,SEL,64640,FWD,16999
271,2015,Ford,Edge,SE,23010,FWD,13999
272,2015,Ford,Edge,SEL,122008,AWD,16994
273,2015,Ford,Edge,Titanium,85655,AWD,18899
274,2015,Ford,Edge,SEL,43100,AWD,21595
275,2015,Ford,Edge,SEL,96656,FWD,16950
276,2015,Ford,Edge,SEL,43249,AWD,21331
277,2015,Ford,Edge,SEL,94566,AWD,16998
278,2015,Ford,Edge,SEL,43378,AWD,22988
279,2015,Ford,Edge,SEL,46589,AWD,18785
280,2015,Ford,Edge,SE,74000,FWD,14000
281,2015,Ford,Edge,SEL,99213,AWD,
282,2015,Ford,Edge,Titanium,36590,AWD,21398
283,2015,Ford,Edge,SE,72085,FWD,14958
284,2015,Ford,Edge,SE,68283,AWD,14988
285,2015,Ford,Edge,Titanium,90302,FWD,18995
286,2015,Ford,Edge,SEL,77281,FWD,17322
287,2015,Ford,Edge,SEL,44115,AWD,22495
288,2015,Ford,Edge,SEL,70879,FWD,17372
289,2015,Ford,Edge,SEL,47599,AWD,18750
290,2015,Ford,Edge,SEL,95493,FWD,17421
291,2015,Ford,Edge,Titanium,62518,AWD,19000
292,2015,Ford,Edge,SEL,95586,AWD,17290
293,2015,Ford,Edge,Sport,94015,AWD,21495
294,2015,Ford,Edge,Titanium,64561,AWD,18995
295,2015,Ford,Edge,SEL,101222,AWD,17275
296,2015,Ford,Edge,SEL,56048,AWD,17327
297,2015,Ford,Edge,Titanium,75368,AWD,18995
298,2015,Ford,Edge,Titanium,52214,AWD,19900
299,2015,Ford,Edge,SEL,44330,AWD,20694
300,2015,Ford,Edge,Sport,48001,AWD,21500
301,2015,Ford,Edge,SEL,44045,AWD,19876
302,2015,Ford,Edge,Sport,43651,AWD,
303,2015,Ford,Edge,Titanium,58470,AWD,21500
304,2015,Ford,Edge,SEL,37694,AWD,19600
305,2015,Ford,Edge,SEL,48392,AWD,20925
306,2015,Ford,Edge,SEL,36307,AWD,18500
307,2015,Ford,Edge,SEL,44945,AWD,21990
308,2015,Ford,Edge,Titanium,78177,AWD,19444
309,2015,Ford,Edge,SE,73755,FWD,14500
310,2015,Ford,Edge,SEL,63918,AWD,17500
311,2015,Ford,Edge,Titanium,68848,FWD,19300
312,2015,Ford,Edge,SEL,45098,FWD,19973
313,2015,Ford,Edge,Titanium,35188,FWD,19497
314,2015,Ford,Edge,SE,137398,AWD,14495
315,2015,Ford,Edge,SEL,48274,AWD,18800
316,2015,Ford,Edge,Titanium,78950,FWD,19499
317,2015,Ford,Edge,Titanium,79318,AWD,19470
318,2015,Ford,Edge,SEL,45104,AWD,23995
319,2015,Ford,Edge,SEL,74293,AWD,17631
320,2015,Ford,Edge,Sport,44290,AWD,25237
321,2015,Ford,Edge,SEL,52774,FWD,21000
322,2015,Ford,Edge,SEL,70094,FWD,19991
323,2015,Ford,Edge,SEL,34072,FWD,20496
324,2015,Ford,Edge,SE,70024,AWD,16995
325,2015,Ford,Edge,SEL,55960,FWD,19995
326,2015,Ford,Edge,Titanium,60387,AWD,22335
327,2015,Ford,Edge,Titanium,60387,AWD,22335
328,2015,Ford,Edge,Sport,31698,AWD,27053
329,2015,Ford,Edge,Sport,32502,AWD,24995
330,2015,Ford,Edge,Titanium,115371,AWD,
331,2015,Ford,Edge,SEL,18832,AWD,22000
332,2015,Ford,Edge,SEL,28954,AWD,21995
333,2015,Ford,Edge,Titanium,23903,AWD,24995
334,2015,Ford,Edge,SE,19836,FWD,21500
335,2015,Ford,Edge,SEL,104478,FWD,11999
336,2015,Ford,Edge,SEL,125048,FWD,13995
337,2015,Ford,Edge,SE,20234,AWD,19988
338,2015,Ford,Edge,Titanium,32158,AWD,21821
339,2015,Ford,Edge,SEL,30822,AWD,22904
340,2015,Ford,Edge,Titanium,17974,AWD,26995
341,2015,Ford,Edge,SEL,64803,FWD,20850
342,2015,Ford,Edge,Titanium,103982,AWD,14996
343,2015,Ford,Edge,SEL,28680,AWD,23950
344,2015,Ford,Edge,Titanium,18338,AWD,25498
345,2015,Ford,Edge,Sport,19532,AWD,
346,2015,Ford,Edge,Titanium,35724,AWD,24980
347,2015,Ford,Edge,Sport,64401,AWD,24995
348,2015,Ford,Edge,SEL,3963,FWD,25487
349,2015,Ford,Edge,SEL,18054,FWD,19995
350,2015,Ford,Edge,Titanium,16019,AWD,23998
351,2015,Ford,Edge,Titanium,37952,FWD,24770
352,2015,Ford,Edge,Titanium,35785,AWD,22995
353,2015,Ford,Edge,SEL,34552,AWD,21990
354,2015,Ford,Edge,Sport,52736,AWD,24742
355,2015,Ford,Edge,Titanium,51778,AWD,22827
356,2015,Ford,Edge,SEL,49769,AWD,24920
357,2015,Ford,Edge,Titanium,88287,AWD,20777
358,2015,Ford,Edge,Titanium,47546,AWD,21900
359,2015,Ford,Edge,SEL,81402,FWD,17688
360,2015,Ford,Edge,SEL,56122,FWD,17900
361,2015,Ford,Edge,Sport,50316,AWD,22000
362,2015,Ford,Edge,SEL,45676,AWD,20995
363,2015,Ford,Edge,SEL,71821,AWD,17795
364,2015,Ford,Edge,SEL,87592,AWD,17762
365,2015,Ford,Edge,SEL,46372,FWD,19920
366,2015,Ford,Edge,SEL,62387,AWD,17900
367,2015,Ford,Edge,SEL,58000,AWD,17700
368,2015,Ford,Edge,SEL,26247,AWD,17699
369,2015,Ford,Edge,SEL,45969,AWD,21635
370,2015,Ford,Edge,SEL,46165,AWD,22950
371,2015,Ford,Edge,SEL,76456,AWD,18999
372,2015,Ford,Edge,Titanium,52109,AWD,21799
373,2015,Ford,Edge,Titanium,67090,AWD,20900
374,2015,Ford,Edge,Titanium,75000,AWD,20995
375,2015,Ford,Edge,Titanium,48980,AWD,22995
376,2015,Ford,Edge,Titanium,79201,AWD,20045
377,2015,Ford,Edge,Titanium,74049,AWD,19937
378,2015,Ford,Edge,SEL,46917,AWD,20990
379,2015,Ford,Edge,Titanium,82075,AWD,19995
380,2015,Ford,Edge,Titanium,71179,AWD,19999
381,2015,Ford,Edge,SEL,77774,AWD,17999
382,2015,Ford,Edge,Sport,40941,AWD,25560
383,2015,Ford,Edge,SEL,63102,FWD,17931
384,2015,Ford,Edge,Titanium,88932,AWD,19880
385,2015,Ford,Edge,SE,67593,FWD,14816
386,2015,Ford,Edge,SEL,75192,AWD,17998
387,2015,Ford,Edge,SEL,56414,AWD,18000
388,2015,Ford,Edge,SEL,35077,FWD,17977
389,2015,Ford,Edge,SEL,30002,AWD,17958
390,2015,Ford,Edge,SEL,50586,AWD,18727
391,2015,Ford,Edge,Sport,41503,AWD,26900
392,2015,Ford,Edge,SEL,67474,AWD,17995
393,2015,Ford,Edge,Sport,41105,AWD,24199
394,2015,Ford,Edge,SEL,70796,FWD,17950
395,2015,Ford,Edge,Titanium,40952,FWD,19995
396,2015,Ford,Edge,Titanium,66000,AWD,19995
397,2015,Ford,Edge,SEL,47178,AWD,
398,2015,Ford,Edge,SEL,82523,AWD,17995
399,2015,Ford,Edge,SEL,47300,AWD,20995
400,2015,Ford,Edge,SEL,12920,AWD,18100
401,2015,Ford,Edge,SEL,98271,AWD,17999
402,2015,Ford,Edge,Titanium,80506,AWD,19977
403,2015,Ford,Edge,SE,78000,FWD,14850
404,2015,Ford,Edge,SEL,53410,FWD,17995
405,2015,Ford,Edge,SEL,48876,AWD,18997
406,2015,Ford,Edge,SEL,71121,AWD,17995
407,2015,Ford,Edge,SEL,79800,AWD,18000
408,2015,Ford,Edge,SEL,41904,FWD,
409,2015,Ford,Edge,Titanium,53728,AWD,23850
410,2015,Ford,Edge,Sport,26024,AWD,23880
411,2015,Ford,Edge,Titanium,52904,AWD,
412,2015,Ford,Edge,Titanium,52904,AWD,22500
413,2015,Ford,Edge,SE,46006,FWD,14998
414,2015,Ford,Edge,SE,89932,AWD,14995
415,2015,Ford,Edge,Sport,52976,FWD,22502
416,2015,Ford,Edge,SE,73023,FWD,14999
417,2015,Ford,Edge,SEL,47451,AWD,23995
418,2015,Ford,Edge,SEL,85079,AWD,18291
419,2015,Ford,Edge,Titanium,49743,AWD,
420,2015,Ford,Edge,SEL,39314,AWD,18300
421,2015,Ford,Edge,SE,85378,AWD,14975
422,2015,Ford,Edge,Titanium,52113,AWD,20877
423,2015,Ford,Edge,SE,70885,FWD,14995
424,2015,Ford,Edge,SEL,66580,AWD,18372
425,2015,Ford,Edge,SEL,73073,AWD,18200
426,2015,Ford,Edge,SEL,69161,AWD,18200
427,2015,Ford,Edge,Sport,54605,AWD,22500
428,2015,Ford,Edge,SEL,33936,AWD,
429,2015,Ford,Edge,SEL,67995,FWD,
430,2015,Ford,Edge,Sport,56778,AWD,
431,2015,Ford,Edge,SEL,155378,FWD,12000
432,2015,Ford,Edge,SEL,23369,FWD,
433,2015,Ford,Edge,SEL,24912,AWD,
434,2015,Ford,Edge,SEL,62380,FWD,18800
435,2015,Ford,Edge,SEL,56244,AWD,19495
436,2015,Ford,Edge,SEL,76405,AWD,19528
437,2015,Ford,Edge,SE,64287,AWD,15995
438,2015,Ford,Edge,Titanium,60533,AWD,20500
439,2015,Ford,Edge,SE,61350,AWD,15500
440,2015,Ford,Edge,Titanium,90988,FWD,16482
441,2015,Ford,Edge,Titanium,90988,FWD,16482
442,2015,Ford,Edge,Titanium,79405,AWD,20595
443,2015,Ford,Edge,SEL,65605,AWD,18445
444,2015,Ford,Edge,Sport,52114,AWD,22900
445,2015,Ford,Edge,Sport,32739,AWD,23000
446,2015,Ford,Edge,SEL,55477,AWD,18500
447,2015,Ford,Edge,SEL,27352,FWD,18499
448,2015,Ford,Edge,SEL,48689,AWD,20995
449,2015,Ford,Edge,SEL,48402,AWD,19897
450,2015,Ford,Edge,SEL,65157,AWD,18595
451,2015,Ford,Edge,SEL,48247,AWD,19995
452,2015,Ford,Edge,SEL,71007,FWD,18495
453,2015,Ford,Edge,SEL,52596,FWD,16977
454,2015,Ford,Edge,SE,46804,AWD,13995
455,2015,Ford,Edge,SEL,Miles,AWD,
456,2015,Ford,Edge,SE,74177,AWD,169998
457,2015,Ford,Edge,SEL,34910,FWD,20391
458,2015,Ford,Edge,SE,24744,FWD,16700
459,2015,Ford,Edge,Titanium,35856,AWD,22998
460,2015,Ford,Edge,SEL,78140,FWD,
461,2015,Ford,Edge,SEL,126665,AWD,
462,2015,Ford,Edge,SEL,114539,AWD,13999
463,2015,Ford,Edge,SEL,33529,FWD,20560
464,2015,Ford,Edge,Titanium,63900,AWD,21750
465,2015,Ford,Edge,SEL,4618,AWD,23693
466,2015,Ford,Edge,Sport,64400,AWD,45785
467,2015,Ford,Edge,SE,29863,FWD,20395
468,2015,Ford,Edge,Sport,23636,AWD,25999
469,2015,Ford,Edge,SEL,38608,AWD,22987
470,2015,Ford,Edge,SEL,29660,AWD,23642
471,2015,Ford,Edge,Titanium,61144,AWD,22141
472,2015,Ford,Edge,SEL,29773,AWD,22499
473,2015,Ford,Edge,SEL,106143,AWD,12995
474,2015,Ford,Edge,Titanium,58037,AWD,21757
475,2015,Ford,Edge,Titanium,32580,AWD,24900
476,2015,Ford,Edge,Titanium,30958,AWD,24944
477,2015,Ford,Edge,SEL,15639,AWD,24900
478,2015,Ford,Edge,Titanium,23812,AWD,25883
479,2015,Ford,Edge,Titanium,31863,AWD,25100
480,2015,Ford,Edge,SE,71154,AWD,16995
481,2015,Ford,Edge,SE,22992,FWD,19999
482,2015,Ford,Edge,SEL,37511,AWD,21799
483,2015,Ford,Edge,SE,144875,AWD,11990
484,2015,Ford,Edge,SEL,37177,AWD,21988
485,2015,Ford,Edge,SE,76774,FWD,17000
486,2015,Ford,Edge,Titanium,39986,AWD,25000
487,2015,Ford,Edge,Titanium,38266,FWD,24977
488,2015,Ford,Edge,Titanium,93173,AWD,16199
489,2015,Ford,Edge,Titanium,61740,AWD,22988
490,2015,Ford,Edge,Sport,21002,AWD,27750
491,2015,Ford,Edge,SEL,31681,FWD,19900
492,2015,Ford,Edge,SEL,31529,AWD,20998
493,2015,Ford,Edge,SE,Miles,FWD,
494,2015,Ford,Edge,Sport,48169,FWD,24557
495,2015,Ford,Edge,SEL,29057,AWD,22661
496,2015,Ford,Edge,SEL,60718,AWD,20490
497,2015,Ford,Edge,SE,37189,AWD,18750
498,2015,Ford,Edge,SEL,22953,AWD,21800
499,2015,Ford,Edge,SEL,23385,AWD,23333
500,2015,Ford,Edge,SEL,30505,AWD,20995
501,2015,Ford,Edge,SEL,55998,AWD,18786
502,2015,Ford,Edge,SEL,63148,AWD,18750
503,2015,Ford,Edge,SEL,27749,FWD,18686
504,2015,Ford,Edge,Titanium,51925,AWD,23356
505,2015,Ford,Edge,SEL,49852,AWD,
506,2015,Ford,Edge,SEL,57643,AWD,18795
507,2015,Ford,Edge,SEL,24764,AWD,18900
508,2015,Ford,Edge,Titanium,73072,AWD,20672
509,2015,Ford,Edge,Titanium,51655,AWD,23595
510,2015,Ford,Edge,SEL,76749,AWD,18897
511,2015,Ford,Edge,SEL,49887,AWD,22999
512,2015,Ford,Edge,SEL,49871,AWD,22999
513,2015,Ford,Edge,SEL,49650,FWD,21200
514,2015,Ford,Edge,Titanium,84557,AWD,20655
515,2015,Ford,Edge,SEL,58000,FWD,18900
516,2015,Ford,Edge,SEL,81300,AWD,18900
517,2015,Ford,Edge,SEL,44204,FWD,
518,2015,Ford,Edge,Titanium,76050,FWD,18994
519,2015,Ford,Edge,Titanium,60790,AWD,21000
520,2015,Ford,Edge,SEL,76945,AWD,18995
521,2015,Ford,Edge,Sport,45784,AWD,23677
522,2015,Ford,Edge,Sport,49320,FWD,23492
523,2015,Ford,Edge,Titanium,55233,AWD,20895
524,2015,Ford,Edge,Titanium,66973,AWD,20994
525,2015,Ford,Edge,SEL,50329,AWD,19565
526,2015,Ford,Edge,SEL,79298,AWD,18993
527,2015,Ford,Edge,Titanium,60255,AWD,20900
528,2015,Ford,Edge,SEL,83363,AWD,18990
529,2015,Ford,Edge,SE,60910,FWD,15995
530,2015,Ford,Edge,SEL,50104,AWD,20993
531,2015,Ford,Edge,SEL,50010,FWD,14689
532,2015,Ford,Edge,SEL,50455,AWD,19995
533,2015,Ford,Edge,SEL,70422,FWD,18988
534,2015,Ford,Edge,SE,60847,AWD,17490
535,2015,Ford,Edge,Titanium,52045,AWD,22499
536,2015,Ford,Edge,Titanium,54696,AWD,20900
537,2015,Ford,Edge,Sport,26813,FWD,23500
538,2015,Ford,Edge,SEL,50608,AWD,19600
539,2015,Ford,Edge,SEL,50408,AWD,20450
540,2015,Ford,Edge,Titanium,69066,AWD,20995
541,2015,Ford,Edge,SEL,86735,AWD,18995
542,2015,Ford,Edge,SEL,138725,AWD,18995
543,2015,Ford,Edge,SEL,50353,FWD,22995
544,2015,Ford,Edge,SEL,76907,AWD,17500
545,2015,Ford,Edge,SEL,62976,FWD,17477
546,2015,Ford,Edge,SEL,69181,AWD,19247
547,2015,Ford,Edge,SEL,51550,AWD,22995
548,2015,Ford,Edge,SEL,58215,AWD,19190
549,2015,Ford,Edge,SE,80829,AWD,15816
550,2015,Ford,Edge,Sport,32205,FWD,23850
551,2015,Ford,Edge,Titanium,75516,AWD,21394
552,2015,Ford,Edge,Titanium,53435,AWD,21676
553,2015,Ford,Edge,Titanium,53243,AWD,22000
554,2015,Ford,Edge,Sport,45880,AWD,23995
555,2015,Ford,Edge,Sport,50330,AWD,23900
556,2015,Ford,Edge,SEL,50883,AWD,20934
557,2015,Ford,Edge,SEL,53325,AWD,21995
558,2015,Ford,Edge,Titanium,23314,FWD,
559,2015,Ford,Edge,SEL,38938,AWD,21988
560,2015,Ford,Edge,SEL,77695,AWD,17698
561,2015,Ford,Edge,SEL,42691,AWD,20000
562,2015,Ford,Edge,SE,86258,FWD,12999
563,2015,Ford,Edge,SEL,22747,FWD,19595
564,2015,Ford,Edge,SE,86258,FWD,12999
565,2015,Ford,Edge,SEL,52192,AWD,22995
566,2015,Ford,Edge,Titanium,54267,AWD,22977
567,2015,Ford,Edge,Titanium,55913,AWD,21500
568,2015,Ford,Edge,SE,25940,FWD,15985
569,2015,Ford,Edge,Titanium,73828,FWD,21499
570,2015,Ford,Edge,SEL,54730,AWD,19495
571,2015,Ford,Edge,SEL,52163,AWD,20999
572,2015,Ford,Edge,SEL,33103,AWD,19633
573,2015,Ford,Edge,SEL,63973,AWD,19500
574,2015,Ford,Edge,SE,94527,AWD,15995
575,2015,Ford,Edge,Titanium,53837,AWD,22995
576,2015,Ford,Edge,SEL,56104,FWD,19600
577,2015,Ford,Edge,SE,82987,FWD,15995
578,2015,Ford,Edge,SEL,68291,AWD,18995
579,2015,Ford,Edge,Titanium,60092,AWD,19875
580,2015,Ford,Edge,Titanium,75494,FWD,20000
581,2015,Ford,Edge,Titanium,64620,FWD,19995
582,2015,Ford,Edge,SEL,108592,AWD,
583,2015,Ford,Edge,SE,63081,FWD,16868
584,2015,Ford,Edge,SEL,37166,AWD,19999
585,2015,Ford,Edge,SEL,58547,AWD,20200
586,2015,Ford,Edge,SEL,113065,AWD,14500
587,2015,Ford,Edge,Titanium,38291,AWD,21987
588,2015,Ford,Edge,Titanium,24639,AWD,25842
589,2015,Ford,Edge,SEL,28233,FWD,21177
590,2015,Ford,Edge,Sport,50889,AWD,24999
591,2015,Ford,Edge,SEL,60250,AWD,19997
592,2015,Ford,Edge,SEL,24700,AWD,22898
593,2015,Ford,Edge,Titanium,30769,AWD,23470
594,2015,Ford,Edge,Titanium,73931,AWD,22981
595,2015,Ford,Edge,SEL,35520,AWD,21800
596,2015,Ford,Edge,SEL,26455,AWD,23800
597,2015,Ford,Edge,SEL,21375,AWD,23800
598,2015,Ford,Edge,SEL,26455,AWD,23800
599,2015,Ford,Edge,SEL,21375,AWD,23800
600,2015,Ford,Edge,SEL,53720,AWD,22500
601,2015,Ford,Edge,SEL,58396,AWD,20320
602,2015,Ford,Edge,Titanium,39570,FWD,22999
603,2015,Ford,Edge,SEL,64141,AWD,22995
604,2015,Ford,Edge,SEL,25606,FWD,19988
605,2015,Ford,Edge,SEL,85195,AWD,
606,2015,Ford,Edge,SEL,53535,AWD,19735
607,2015,Ford,Edge,SEL,19320,AWD,24998
608,2015,Ford,Edge,SE,27897,AWD,
609,2015,Ford,Edge,SEL,30242,AWD,24495
610,2015,Ford,Edge,SE,121710,AWD,11949
611,2015,Ford,Edge,Titanium,30677,FWD,24490
612,2015,Ford,Edge,SEL,52760,AWD,20952
613,2015,Ford,Edge,Titanium,26045,AWD,28995
614,2015,Ford,Edge,SEL,23684,AWD,20996
615,2015,Ford,Edge,SEL,30375,AWD,23495
616,2015,Ford,Edge,Titanium,39552,AWD,26500
617,2015,Ford,Edge,SEL,29104,AWD,24490
618,2015,Ford,Edge,SEL,56460,AWD,19999
619,2015,Ford,Edge,SEL,16375,AWD,22500
620,2015,Ford,Edge,SE,46741,FWD,16999
621,2015,Ford,Edge,Titanium,40290,AWD,22845
622,2015,Ford,Edge,SEL,14393,AWD,23250
623,2015,Ford,Edge,SEL,32982,AWD,21999
624,2015,Ford,Edge,SEL,29397,AWD,21990
625,2015,Ford,Edge,SEL,36092,AWD,21488
626,2015,Ford,Edge,Titanium,21675,AWD,28090
627,2015,Ford,Edge,Titanium,111797,AWD,15599
628,2015,Ford,Edge,Sport,23408,AWD,24998
629,2015,Ford,Edge,SEL,20923,AWD,22999
630,2015,Ford,Edge,SEL,26411,AWD,22400
631,2015,Ford,Edge,Sport,31160,AWD,26995
632,2015,Ford,Edge,Titanium,31922,AWD,24995
633,2015,Ford,Edge,SEL,73798,AWD,19995
634,2015,Ford,Edge,Titanium,28156,FWD,22693
635,2015,Ford,Edge,Sport,87450,AWD,17553
636,2015,Ford,Edge,SEL,37948,FWD,21995
637,2015,Ford,Edge,SEL,61000,AWD,13000
638,2015,Ford,Edge,Titanium,100464,FWD,14995
639,2015,Ford,Edge,SEL,25176,FWD,21835
640,2015,Ford,Edge,SEL,17197,AWD,23995
641,2015,Ford,Edge,SE,141524,AWD,11995
642,2015,Ford,Edge,SEL,28498,AWD,23540
643,2015,Ford,Edge,SEL,22778,AWD,23995
644,2015,Ford,Edge,SEL,29893,AWD,23900
645,2015,Ford,Edge,Titanium,2090,FWD,24995
646,2015,Ford,Edge,Sport,51427,AWD,26995
647,2015,Ford,Edge,SEL,21672,AWD,23990
648,2015,Ford,Edge,SEL,28172,FWD,20997
649,2015,Ford,Edge,Sport,31109,AWD,28285
650,2015,Ford,Edge,SEL,28068,AWD,19990
651,2015,Ford,Edge,SEL,20209,AWD,22153
652,2015,Ford,Edge,SEL,38611,AWD,23995
653,2015,Ford,Edge,SEL,30135,AWD,22951
654,2015,Ford,Edge,SEL,34253,FWD,19988
655,2015,Ford,Edge,SEL,146013,AWD,11500
656,2015,Ford,Edge,SE,19980,AWD,17900
657,2015,Ford,Edge,SE,28761,FWD,17500
658,2015,Ford,Edge,SEL,6924,FWD,20499
659,2015,Ford,Edge,SEL,79822,AWD,
660,2015,Ford,Edge,Titanium,55161,AWD,21992
661,2015,Ford,Edge,Titanium,65544,AWD,21749
662,2015,Ford,Edge,Titanium,72848,AWD,21995
663,2015,Ford,Edge,SE,42495,FWD,
664,2015,Ford,Edge,SEL,34554,FWD,19977
665,2015,Ford,Edge,SEL,83450,FWD,14111
666,2015,Ford,Edge,SEL,32981,AWD,20699
667,2015,Ford,Edge,Titanium,36694,AWD,23495
668,2015,Ford,Edge,SEL,27458,AWD,20998
669,2015,Ford,Edge,SE,21093,FWD,19995
670,2015,Ford,Edge,Sport,104062,FWD,16000
671,2015,Ford,Edge,SE,78995,AWD,18500
672,2015,Ford,Edge,Sport,22110,AWD,27489
673,2015,Ford,Edge,SEL,55126,AWD,19699
674,2015,Ford,Edge,SEL,53914,AWD,20995
675,2015,Ford,Edge,SEL,55196,AWD,19792
676,2015,Ford,Edge,Titanium,35000,FWD,21900
677,2015,Ford,Edge,Titanium,62150,AWD,25995
678,2015,Ford,Edge,Titanium,38926,AWD,25747
679,2015,Ford,Edge,Sport,30009,AWD,24404
680,2015,Ford,Edge,Titanium,26724,AWD,21988
681,2015,Ford,Edge,SEL,26779,FWD,19997
682,2015,Ford,Edge,SEL,39438,AWD,22995
683,2015,Ford,Edge,SEL,37695,AWD,19999
684,2015,Ford,Edge,Titanium,56947,AWD,22950
685,2015,Ford,Edge,SEL,54360,AWD,22988
686,2015,Ford,Edge,SEL,34580,AWD,19900
687,2015,Ford,Edge,Sport,32023,AWD,24900
688,2015,Ford,Edge,SE,145175,AWD,11711
689,2015,Ford,Edge,SEL,78763,FWD,
690,2015,Ford,Edge,SEL,26149,AWD,22995
691,2015,Ford,Edge,Titanium,105405,AWD,15495
692,2015,Ford,Edge,SEL,12184,AWD,24989
693,2015,Ford,Edge,Titanium,30429,AWD,23499
694,2015,Ford,Edge,SEL,21345,AWD,22499
695,2015,Ford,Edge,SEL,34334,AWD,22995
696,2015,Ford,Edge,SEL,32185,AWD,23606
697,2015,Ford,Edge,SEL,34629,AWD,20694
698,2015,Ford,Edge,Titanium,37315,FWD,23995
699,2015,Ford,Edge,SEL,29000,AWD,22975
700,2015,Ford,Edge,Titanium,24121,AWD,24895
701,2015,Ford,Edge,SEL,103213,FWD,
702,2015,Ford,Edge,SE,34728,FWD,16460
703,2015,Ford,Edge,SEL,30662,AWD,19998
704,2015,Ford,Edge,SEL,29570,FWD,22989
705,2015,Ford,Edge,Sport,57575,AWD,
706,2015,Ford,Edge,SEL,83320,FWD,14572
707,2015,Ford,Edge,SEL,26043,AWD,20900
708,2015,Ford,Edge,SEL,12588,AWD,23995
709,2015,Ford,Edge,SEL,133880,AWD,15997
710,2015,Ford,Edge,Titanium,139545,FWD,13990
711,2015,Ford,Edge,Sport,28105,AWD,25716
712,2015,Ford,Edge,SEL,61780,AWD,
713,2015,Ford,Edge,Sport,21500,AWD,25000
714,2015,Ford,Edge,Sport,14784,AWD,30999
715,2015,Ford,Edge,SE,86800,AWD,11995
716,2015,Ford,Edge,SEL,81800,AWD,12995
717,2015,Ford,Edge,SEL,31655,AWD,21995
718,2015,Ford,Edge,SE,Miles,AWD,1
719,2015,Ford,Edge,Titanium,35102,FWD,22991
720,2015,Ford,Edge,Titanium,20460,AWD,23652
721,2015,Ford,Edge,Titanium,35843,AWD,25995
722,2015,Ford,Edge,SEL,33800,AWD,22000
723,2015,Ford,Edge,Titanium,88059,AWD,15907
724,2015,Ford,Edge,Titanium,88059,AWD,15907
725,2015,Ford,Edge,SEL,33000,AWD,
726,2015,Ford,Edge,SEL,89770,FWD,15999
727,2015,Ford,Edge,SE,76769,FWD,17500
728,2015,Ford,Edge,SEL,29744,AWD,21755
729,2015,Ford,Edge,SEL,22427,AWD,22995
730,2015,Ford,Edge,Titanium,33300,FWD,22488
731,2015,Ford,Edge,Titanium,108409,AWD,
732,2015,Ford,Edge,SEL,26027,AWD,23495
733,2015,Ford,Edge,SEL,37000,AWD,20500
734,2015,Ford,Edge,Titanium,101000,FWD,13486
735,2015,Ford,Edge,SEL,27459,FWD,21987
736,2015,Ford,Edge,SE,41410,AWD,18999
737,2015,Ford,Edge,Titanium,111463,FWD,15971
738,2015,Ford,Edge,SE,34130,AWD,19495
739,2015,Ford,Edge,SE,39571,AWD,18995
740,2015,Ford,Edge,SEL,24585,AWD,19900
741,2015,Ford,Edge,SEL,92141,FWD,13995
742,2015,Ford,Edge,SE,28590,AWD,19695
743,2015,Ford,Edge,SE,37973,FWD,16999
744,2015,Ford,Edge,SE,18000,AWD,
745,2015,Ford,Edge,Titanium,33315,FWD,21995
746,2015,Ford,Edge,SEL,31409,AWD,19994
747,2015,Ford,Edge,SE,32977,FWD,17488
748,2015,Ford,Edge,SEL,24577,AWD,22500
749,2015,Ford,Edge,SE,29367,FWD,17159
750,2015,Ford,Edge,SEL,36438,AWD,22900
751,2015,Ford,Edge,SEL,91840,FWD,14400
752,2015,Ford,Edge,SE,43754,AWD,17850
753,2015,Ford,Edge,SEL,24107,FWD,20995
754,2015,Ford,Edge,Titanium,58026,AWD,21975
755,2015,Ford,Edge,SE,30898,AWD,16495
756,2015,Ford,Edge,SE,30446,AWD,19255
757,2015,Ford,Edge,Titanium,28045,AWD,24870
758,2015,Ford,Edge,SEL,68805,AWD,19988
759,2015,Ford,Edge,SEL,87933,AWD,1890
760,2015,Ford,Edge,SE,Miles,FWD,22000
761,2015,Ford,Edge,SEL,53679,AWD,22995
762,2015,Ford,Edge,Titanium,57417,AWD,22995
763,2015,Ford,Edge,SEL,26384,AWD,22499
764,2015,Ford,Edge,SE,19949,AWD,21541
765,2015,Ford,Edge,SEL,14130,FWD,24995
766,2015,Ford,Edge,SE,64471,AWD,16995
767,2015,Ford,Edge,SEL,Miles,FWD,21500
768,2015,Ford,Edge,SEL,38460,AWD,19900
769,2015,Ford,Edge,SEL,78095,AWD,
770,2015,Ford,Edge,SEL,24414,AWD,22485
771,2015,Ford,Edge,SEL,22105,FWD,22995
772,2015,Ford,Edge,Titanium,41115,AWD,23350
773,2015,Ford,Edge,SEL,38883,AWD,21888
774,2015,Ford,Edge,SE,77065,FWD,
775,2015,Ford,Edge,Sport,20067,AWD,28613
776,2015,Ford,Edge,SEL,80556,AWD,19995
777,2015,Ford,Edge,Titanium,35814,AWD,21987
778,2015,Ford,Edge,Titanium,30068,AWD,24373
779,2015,Ford,Edge,Titanium,35011,AWD,26900
780,2015,Ford,Edge,SEL,23936,AWD,20900
781,2015,Ford,Edge,SEL,38000,AWD,
782,2015,Ford,Edge,Titanium,30932,AWD,26998
783,2015,Ford,Edge,SEL,22597,FWD,23900
784,2015,Ford,Edge,Titanium,57147,AWD,21770
785,2015,Ford,Edge,SEL,23993,AWD,23983
786,2015,Ford,Edge,SE,22288,AWD,17376
787,2015,Ford,Edge,Titanium,104308,FWD,14888
788,2015,Ford,Edge,SEL,32732,AWD,21494
789,2015,Ford,Edge,Titanium,58211,AWD,21900
790,2015,Ford,Edge,SEL,22802,AWD,20000
791,2015,Ford,Edge,Titanium,38071,AWD,23800
792,2015,Ford,Edge,SEL,38019,AWD,22950
793,2015,Ford,Edge,SEL,33470,AWD,22787
794,2015,Ford,Edge,SEL,17604,AWD,27990
795,2015,Ford,Edge,SEL,136302,AWD,12200
796,2015,Ford,Edge,Titanium,33311,AWD,22900
797,2015,Ford,Edge,SEL,26395,FWD,23950
798,2015,Ford,Edge,Sport,32307,AWD,25987
799,2015,Ford,Edge,SEL,52640,FWD,19687
800,2015,Ford,Edge,SE,15069,FWD,16795
801,2015,Ford,Edge,SEL,22396,AWD,21900
802,2015,Ford,Edge,SEL,36600,AWD,20995
803,2015,Ford,Edge,Titanium,34195,FWD,21995
804,2015,Ford,Edge,SEL,28433,AWD,22499
805,2015,Ford,Edge,SE,33571,AWD,18555
806,2015,Ford,Edge,Titanium,15432,FWD,25988
807,2015,Ford,Edge,SEL,38689,AWD,22995
808,2015,Ford,Edge,Sport,28628,FWD,25999
809,2015,Ford,Edge,SEL,60438,AWD,22995
810,2015,Ford,Edge,SEL,28171,FWD,21999
811,2015,Ford,Edge,Titanium,70479,AWD,22394
812,2015,Ford,Edge,SEL,28000,AWD,23200
813,2015,Ford,Edge,SEL,30136,AWD,20990
814,2015,Ford,Edge,Titanium,39816,AWD,24948
815,2015,Ford,Edge,SEL,22402,FWD,21299
816,2015,Ford,Edge,SE,96479,FWD,12000
817,2015,Ford,Edge,SEL,5000,FWD,20950
818,2015,Ford,Edge,SEL,33700,AWD,22900
819,2015,Ford,Edge,SEL,37922,AWD,20900
820,2015,Ford,Edge,SEL,31556,AWD,22000
821,2015,Ford,Edge,SE,72893,AWD,
822,2015,Ford,Edge,SEL,36877,AWD,20899
823,2015,Ford,Edge,SEL,36337,AWD,20899
824,2015,Ford,Edge,SEL,17280,FWD,23900
825,2015,Ford,Edge,SEL,31334,AWD,24795
826,2015,Ford,Edge,SEL,71997,AWD,
827,2015,Ford,Edge,SEL,71515,AWD,19995
828,2015,Ford,Edge,Titanium,76345,AWD,22395
829,2015,Ford,Edge,SEL,38380,AWD,22247
830,2015,Ford,Edge,Sport,27147,AWD,24996
831,2015,Ford,Edge,SEL,79295,FWD,16000
832,2015,Ford,Edge,SEL,36120,AWD,22500
833,2015,Ford,Edge,26364,FWD,21495,
834,2015,Ford,Edge,12873,FWD,29995,
835,2015,Ford,Edge,SEL,62392,FWD,18190
836,2015,Ford,Edge,Titanium,80841,FWD,17995
837,2015,Ford,Edge,Sport,36670,FWD,24998
838,2015,Ford,Edge,SEL,62642,FWD,16495
839,2015,Ford,Edge,SEL,48712,FWD,17750
840,2015,Ford,Edge,SEL,55262,FWD,
841,2015,Ford,Edge,SEL,34568,AWD,19990
842,2015,Ford,Edge,SEL,64558,AWD,19964
843,2015,Ford,Edge,SEL,56337,FWD,18900
844,2015,Ford,Edge,SEL,65378,AWD,18900
845,2015,Ford,Edge,Titanium,62094,AWD,19797
846,2015,Ford,Edge,SE,60662,FWD,15988
847,2015,Ford,Edge,Titanium,69414,FWD,20988
848,2015,Ford,Edge,SEL,31632,AWD,18995
849,2015,Ford,Edge,Sport,44356,AWD,25387
850,2015,Ford,Edge,SE,52267,AWD,16799
851,2015,Ford,Edge,SEL,52302,AWD,19863
852,2015,Ford,Edge,SEL,58045,AWD,19495
853,2015,Ford,Edge,SEL,62190,AWD,18587
854,2015,Ford,Edge,SEL,28606,AWD,
855,2015,Ford,Edge,Titanium,73987,AWD,
856,2015,Ford,Edge,Sport,55482,AWD,
857,2015,Ford,Edge,Titanium,Miles,AWD,
858,2015,Ford,Edge,SEL,23253,AWD,23588
859,2015,Ford,Edge,Titanium,39330,AWD,25990
860,2015,Ford,Edge,SEL,24149,AWD,22990
861,2015,Ford,Edge,Titanium,30928,AWD,23296
862,2015,Ford,Edge,Titanium,55655,AWD,
863,2015,Ford,Edge,SEL,25192,AWD,24300
864,2015,Ford,Edge,SEL,30301,AWD,
865,2015,Ford,Edge,SE,37156,AWD,
866,2015,Ford,Edge,SEL,84452,AWD,19998
867,2015,Ford,Edge,SEL,11277,AWD,24900
868,2015,Ford,Edge,SEL,33085,AWD,
869,2015,Ford,Edge,SEL,26421,AWD,22579
870,2015,Ford,Edge,SE,38161,FWD,18863
871,2015,Ford,Edge,Titanium,38322,AWD,27995
872,2015,Ford,Edge,Titanium,40305,FWD,
873,2015,Ford,Edge,Titanium,73489,FWD,
874,2015,Ford,Edge,SE,39562,FWD,17627
875,2015,Ford,Edge,Sport,26025,AWD,26988
876,2015,Ford,Edge,Titanium,6721,FWD,23995
877,2015,Ford,Edge,SEL,55308,AWD,20984
878,2015,Ford,Edge,SEL,53755,AWD,19995
879,2015,Ford,Edge,Sport,43651,AWD,24949
880,2015,Ford,Edge,Sport,43651,AWD,24949
881,2015,Ford,Edge,SEL,69938,AWD,18686
882,2015,Ford,Edge,SEL,71571,AWD,17900
883,2015,Ford,Edge,SEL,73074,AWD,19361
884,2015,Ford,Edge,SEL,50751,AWD,18986
885,2015,Ford,Edge,SEL,Miles,AWD,21990
886,2015,Ford,Edge,Sport,64761,AWD,
887,2015,Ford,Edge,SEL,79563,AWD,
888,2015,Ford,Edge,SEL,36654,AWD,21995
889,2015,Ford,Edge,SEL,Miles,AWD,
890,2015,Ford,Edge,Titanium,36616,AWD,23900
891,2015,Ford,Edge,SEL,110122,AWD,13900
892,2015,Ford,Edge,Sport,102715,FWD,16995
893,2015,Ford,Edge,Sport,32130,AWD,26496
894,2015,Ford,Edge,SEL,33643,AWD,23949
895,2015,Ford,Edge,SEL,29734,AWD,22995
896,2015,Ford,Edge,SEL,26455,AWD,26900
897,2015,Ford,Edge,Sport,110300,FWD,17795
898,2015,Ford,Edge,Titanium,33814,AWD,29980
899,2015,Ford,Edge,SEL,39006,FWD,
900,2015,Ford,Edge,SEL,38875,FWD,
901,2015,Ford,Edge,SEL,20162,FWD,
902,2015,Ford,Edge,SE,30420,FWD,
903,2015,Ford,Edge,Titanium,17143,AWD,
